"filename", "language", "HTML", "TypeScript", "JSON", "JSON with Comments", "Markdown", "JavaScript", "Properties", "XML", "TypeScript JSX", "SCSS", "comment", "blank", "total"
"d:\Web\aladin-reb\.devcontainer\devcontainer.json", "JSON with Comments", 0, 0, 0, 26, 0, 0, 0, 0, 0, 0, 0, 1, 27
"d:\Web\aladin-reb\.devcontainer\icon.svg", "XML", 0, 0, 0, 0, 0, 0, 0, 9, 0, 0, 0, 1, 10
"d:\Web\aladin-reb\.env", "Properties", 0, 0, 0, 0, 0, 0, 3, 0, 0, 0, 0, 1, 4
"d:\Web\aladin-reb\.prettierrc", "JSON", 0, 0, 6, 0, 0, 0, 0, 0, 0, 0, 0, 0, 6
"d:\Web\aladin-reb\README.md", "Markdown", 0, 0, 0, 0, 5, 0, 0, 0, 0, 0, 0, 2, 7
"d:\Web\aladin-reb\index.html", "HTML", 13, 0, 0, 0, 0, 0, 0, 0, 0, 0, 0, 1, 14
"d:\Web\aladin-reb\package.json", "JSON", 0, 0, 105, 0, 0, 0, 0, 0, 0, 0, 0, 1, 106
"d:\Web\aladin-reb\postcss.config.js", "JavaScript", 0, 0, 0, 0, 0, 6, 0, 0, 0, 0, 0, 1, 7
"d:\Web\aladin-reb\public\assets\logo.svg", "XML", 0, 0, 0, 0, 0, 0, 0, 10, 0, 0, 0, 1, 11
"d:\Web\aladin-reb\public\vite.svg", "XML", 0, 0, 0, 0, 0, 0, 0, 1, 0, 0, 0, 0, 1
"d:\Web\aladin-reb\src\_preview\component.tsx", "TypeScript JSX", 0, 0, 0, 0, 0, 0, 0, 0, 6, 0, 0, 3, 9
"d:\Web\aladin-reb\src\_preview\page.tsx", "TypeScript JSX", 0, 0, 0, 0, 0, 0, 0, 0, 3, 0, 0, 1, 4
"d:\Web\aladin-reb\src\api\general-user.ts", "TypeScript", 0, 19, 0, 0, 0, 0, 0, 0, 0, 0, 0, 5, 24
"d:\Web\aladin-reb\src\api\index.ts", "TypeScript", 0, 17, 0, 0, 0, 0, 0, 0, 0, 0, 0, 4, 21
"d:\Web\aladin-reb\src\api\institution.ts", "TypeScript", 0, 36, 0, 0, 0, 0, 0, 0, 0, 0, 0, 8, 44
"d:\Web\aladin-reb\src\api\login.ts", "TypeScript", 0, 11, 0, 0, 0, 0, 0, 0, 0, 0, 0, 3, 14
"d:\Web\aladin-reb\src\api\major.ts", "TypeScript", 0, 29, 0, 0, 0, 0, 0, 0, 0, 0, 0, 4, 33
"d:\Web\aladin-reb\src\api\openapi-fetch.ts", "TypeScript", 0, 24, 0, 0, 0, 0, 0, 0, 0, 0, 1, 6, 31
"d:\Web\aladin-reb\src\api\subject.ts", "TypeScript", 0, 29, 0, 0, 0, 0, 0, 0, 0, 0, 0, 6, 35
"d:\Web\aladin-reb\src\api\v1.d.ts", "TypeScript", 0, 900, 0, 0, 0, 0, 0, 0, 0, 0, 997, 6, 1903
"d:\Web\aladin-reb\src\app.tsx", "TypeScript JSX", 0, 0, 0, 0, 0, 0, 0, 0, 47, 0, 0, 11, 58
"d:\Web\aladin-reb\src\assets\index.ts", "TypeScript", 0, 16, 0, 0, 0, 0, 0, 0, 0, 0, 0, 3, 19
"d:\Web\aladin-reb\src\assets\landing\LogoMomo.svg", "XML", 0, 0, 0, 0, 0, 0, 0, 1, 0, 0, 0, 0, 1
"d:\Web\aladin-reb\src\assets\landing\LogoZalopay.svg", "XML", 0, 0, 0, 0, 0, 0, 0, 1, 0, 0, 0, 0, 1
"d:\Web\aladin-reb\src\assets\landing\Momo.svg", "XML", 0, 0, 0, 0, 0, 0, 0, 6, 0, 0, 0, 0, 6
"d:\Web\aladin-reb\src\assets\landing\react.svg", "XML", 0, 0, 0, 0, 0, 0, 0, 1, 0, 0, 0, 0, 1
"d:\Web\aladin-reb\src\assets\react.svg", "XML", 0, 0, 0, 0, 0, 0, 0, 1, 0, 0, 0, 0, 1
"d:\Web\aladin-reb\src\components\checkbox-with-image\index.tsx", "TypeScript JSX", 0, 0, 0, 0, 0, 0, 0, 0, 62, 0, 0, 9, 71
"d:\Web\aladin-reb\src\components\checkbox-with-image\styles.ts", "TypeScript", 0, 32, 0, 0, 0, 0, 0, 0, 0, 0, 0, 5, 37
"d:\Web\aladin-reb\src\components\collapse-list.tsx", "TypeScript JSX", 0, 0, 0, 0, 0, 0, 0, 0, 20, 0, 0, 4, 24
"d:\Web\aladin-reb\src\components\collapse-overflow\index.tsx", "TypeScript JSX", 0, 0, 0, 0, 0, 0, 0, 0, 53, 0, 0, 10, 63
"d:\Web\aladin-reb\src\components\custom-modal.tsx", "TypeScript JSX", 0, 0, 0, 0, 0, 0, 0, 0, 21, 0, 0, 2, 23
"d:\Web\aladin-reb\src\components\custom-multiple-select.tsx", "TypeScript JSX", 0, 0, 0, 0, 0, 0, 0, 0, 71, 0, 0, 5, 76
"d:\Web\aladin-reb\src\components\custom-search-box.tsx", "TypeScript JSX", 0, 0, 0, 0, 0, 0, 0, 0, 37, 0, 0, 5, 42
"d:\Web\aladin-reb\src\components\custom-select.tsx", "TypeScript JSX", 0, 0, 0, 0, 0, 0, 0, 0, 44, 0, 0, 7, 51
"d:\Web\aladin-reb\src\components\edit-btn.tsx", "TypeScript JSX", 0, 0, 0, 0, 0, 0, 0, 0, 24, 0, 0, 7, 31
"d:\Web\aladin-reb\src\components\empty-image.tsx", "TypeScript JSX", 0, 0, 0, 0, 0, 0, 0, 0, 11, 0, 0, 2, 13
"d:\Web\aladin-reb\src\components\external-link.tsx", "TypeScript JSX", 0, 0, 0, 0, 0, 0, 0, 0, 13, 0, 0, 4, 17
"d:\Web\aladin-reb\src\components\floating-label-input.tsx", "TypeScript JSX", 0, 0, 0, 0, 0, 0, 0, 0, 96, 0, 0, 11, 107
"d:\Web\aladin-reb\src\components\hidden-field.tsx", "TypeScript JSX", 0, 0, 0, 0, 0, 0, 0, 0, 17, 0, 0, 3, 20
"d:\Web\aladin-reb\src\components\image-drop.tsx", "TypeScript JSX", 0, 0, 0, 0, 0, 0, 0, 0, 0, 0, 66, 6, 72
"d:\Web\aladin-reb\src\components\inline-input\index.tsx", "TypeScript JSX", 0, 0, 0, 0, 0, 0, 0, 0, 66, 0, 0, 10, 76
"d:\Web\aladin-reb\src\components\inline-input\styles.ts", "TypeScript", 0, 46, 0, 0, 0, 0, 0, 0, 0, 0, 0, 11, 57
"d:\Web\aladin-reb\src\components\input-icon.tsx", "TypeScript JSX", 0, 0, 0, 0, 0, 0, 0, 0, 7, 0, 0, 3, 10
"d:\Web\aladin-reb\src\components\more-info.tsx", "TypeScript JSX", 0, 0, 0, 0, 0, 0, 0, 0, 11, 0, 0, 2, 13
"d:\Web\aladin-reb\src\components\radio-with-image\context.ts", "TypeScript", 0, 11, 0, 0, 0, 0, 0, 0, 0, 0, 0, 3, 14
"d:\Web\aladin-reb\src\components\radio-with-image\group.tsx", "TypeScript JSX", 0, 0, 0, 0, 0, 0, 0, 0, 62, 0, 7, 17, 86
"d:\Web\aladin-reb\src\components\radio-with-image\icon.tsx", "TypeScript JSX", 0, 0, 0, 0, 0, 0, 0, 0, 14, 0, 0, 1, 15
"d:\Web\aladin-reb\src\components\radio-with-image\index.tsx", "TypeScript JSX", 0, 0, 0, 0, 0, 0, 0, 0, 127, 0, 9, 23, 159
"d:\Web\aladin-reb\src\components\radio-with-image\styles.ts", "TypeScript", 0, 132, 0, 0, 0, 0, 0, 0, 0, 0, 0, 21, 153
"d:\Web\aladin-reb\src\components\rich-text.tsx", "TypeScript JSX", 0, 0, 0, 0, 0, 0, 0, 0, 47, 0, 0, 8, 55
"d:\Web\aladin-reb\src\components\row-holder.tsx", "TypeScript JSX", 0, 0, 0, 0, 0, 0, 0, 0, 0, 0, 0, 1, 1
"d:\Web\aladin-reb\src\components\split-input.tsx", "TypeScript JSX", 0, 0, 0, 0, 0, 0, 0, 0, 40, 0, 0, 5, 45
"d:\Web\aladin-reb\src\components\star.tsx", "TypeScript JSX", 0, 0, 0, 0, 0, 0, 0, 0, 8, 0, 0, 2, 10
"d:\Web\aladin-reb\src\components\table-index.tsx", "TypeScript JSX", 0, 0, 0, 0, 0, 0, 0, 0, 11, 0, 0, 5, 16
"d:\Web\aladin-reb\src\components\table-of-content.tsx", "TypeScript JSX", 0, 0, 0, 0, 0, 0, 0, 0, 87, 0, 0, 13, 100
"d:\Web\aladin-reb\src\components\text-input-with-custom-error.tsx", "TypeScript JSX", 0, 0, 0, 0, 0, 0, 0, 0, 27, 0, 0, 3, 30
"d:\Web\aladin-reb\src\components\text-width-icon\index.tsx", "TypeScript JSX", 0, 0, 0, 0, 0, 0, 0, 0, 16, 0, 0, 3, 19
"d:\Web\aladin-reb\src\configs\dayjs.ts", "TypeScript", 0, 4, 0, 0, 0, 0, 0, 0, 0, 0, 0, 3, 7
"d:\Web\aladin-reb\src\configs\env.ts", "TypeScript", 0, 4, 0, 0, 0, 0, 0, 0, 0, 0, 0, 1, 5
"d:\Web\aladin-reb\src\configs\feature-flag.ts", "TypeScript", 0, 25, 0, 0, 0, 0, 0, 0, 0, 0, 0, 7, 32
"d:\Web\aladin-reb\src\configs\icon.ts", "TypeScript", 0, 1, 0, 0, 0, 0, 0, 0, 0, 0, 0, 1, 2
"d:\Web\aladin-reb\src\configs\interceptors.ts", "TypeScript", 0, 0, 0, 0, 0, 0, 0, 0, 0, 0, 20, 6, 26
"d:\Web\aladin-reb\src\configs\mantine-theme.ts", "TypeScript", 0, 147, 0, 0, 0, 0, 0, 0, 0, 0, 39, 7, 193
"d:\Web\aladin-reb\src\configs\notifications.tsx", "TypeScript JSX", 0, 0, 0, 0, 0, 0, 0, 0, 38, 0, 0, 5, 43
"d:\Web\aladin-reb\src\configs\permisson-route.tsx", "TypeScript JSX", 0, 0, 0, 0, 0, 0, 0, 0, 16, 0, 2, 6, 24
"d:\Web\aladin-reb\src\configs\react-query.tsx", "TypeScript JSX", 0, 0, 0, 0, 0, 0, 0, 0, 45, 0, 3, 6, 54
"d:\Web\aladin-reb\src\configs\theme.ts", "TypeScript", 0, 9, 0, 0, 0, 0, 0, 0, 0, 0, 0, 3, 12
"d:\Web\aladin-reb\src\configs\zod.ts", "TypeScript", 0, 20, 0, 0, 0, 0, 0, 0, 0, 0, 0, 8, 28
"d:\Web\aladin-reb\src\context\user.tsx", "TypeScript JSX", 0, 0, 0, 0, 0, 0, 0, 0, 32, 0, 0, 7, 39
"d:\Web\aladin-reb\src\domains\subject.ts", "TypeScript", 0, 13, 0, 0, 0, 0, 0, 0, 0, 0, 0, 5, 18
"d:\Web\aladin-reb\src\features\analyze\components\stacked-bar-chart.tsx", "TypeScript JSX", 0, 0, 0, 0, 0, 0, 0, 0, 53, 0, 0, 6, 59
"d:\Web\aladin-reb\src\features\auth\components\google-button.tsx", "TypeScript JSX", 0, 0, 0, 0, 0, 0, 0, 0, 6, 0, 0, 3, 9
"d:\Web\aladin-reb\src\features\auth\components\google-icon.tsx", "TypeScript JSX", 0, 0, 0, 0, 0, 0, 0, 0, 29, 0, 0, 1, 30
"d:\Web\aladin-reb\src\features\auth\components\private-route.tsx", "TypeScript JSX", 0, 0, 0, 0, 0, 0, 0, 0, 0, 0, 18, 8, 26
"d:\Web\aladin-reb\src\features\auth\components\redirect.tsx", "TypeScript JSX", 0, 0, 0, 0, 0, 0, 0, 0, 0, 0, 18, 8, 26
"d:\Web\aladin-reb\src\features\auth\contexts\auth.tsx", "TypeScript JSX", 0, 0, 0, 0, 0, 0, 0, 0, 14, 0, 0, 8, 22
"d:\Web\aladin-reb\src\features\auth\hooks\use-google-login.ts", "TypeScript", 0, 0, 0, 0, 0, 0, 0, 0, 0, 0, 34, 5, 39
"d:\Web\aladin-reb\src\features\auth\hooks\use-query-auth.ts", "TypeScript", 0, 0, 0, 0, 0, 0, 0, 0, 0, 0, 32, 12, 44
"d:\Web\aladin-reb\src\features\auth\services\firebase.ts", "TypeScript", 0, 0, 0, 0, 0, 0, 0, 0, 0, 0, 6, 4, 10
"d:\Web\aladin-reb\src\features\auth\services\google.ts", "TypeScript", 0, 0, 0, 0, 0, 0, 0, 0, 0, 0, 12, 4, 16
"d:\Web\aladin-reb\src\features\class\components\class-card-with-table.tsx", "TypeScript JSX", 0, 0, 0, 0, 0, 0, 0, 0, 134, 0, 0, 11, 145
"d:\Web\aladin-reb\src\features\class\components\class-card.tsx", "TypeScript JSX", 0, 0, 0, 0, 0, 0, 0, 0, 139, 0, 0, 13, 152
"d:\Web\aladin-reb\src\features\class\components\ta-private-class-card.tsx", "TypeScript JSX", 0, 0, 0, 0, 0, 0, 0, 0, 139, 0, 0, 13, 152
"d:\Web\aladin-reb\src\features\course\components\course-card.tsx", "TypeScript JSX", 0, 0, 0, 0, 0, 0, 0, 0, 28, 0, 0, 6, 34
"d:\Web\aladin-reb\src\features\dev\components\dev-panel.tsx", "TypeScript JSX", 0, 0, 0, 0, 0, 0, 0, 0, 20, 0, 0, 3, 23
"d:\Web\aladin-reb\src\features\dev\components\react-query-affix.tsx", "TypeScript JSX", 0, 0, 0, 0, 0, 0, 0, 0, 9, 0, 0, 3, 12
"d:\Web\aladin-reb\src\features\dev\components\table-of-feature-flag.tsx", "TypeScript JSX", 0, 0, 0, 0, 0, 0, 0, 0, 44, 0, 0, 8, 52
"d:\Web\aladin-reb\src\features\dev\components\table-of-role-affix.tsx", "TypeScript JSX", 0, 0, 0, 0, 0, 0, 0, 0, 50, 0, 0, 4, 54
"d:\Web\aladin-reb\src\features\dev\components\table-of-route-affix.tsx", "TypeScript JSX", 0, 0, 0, 0, 0, 0, 0, 0, 59, 0, 22, 8, 89
"d:\Web\aladin-reb\src\features\dev\utils\get-path-name.ts", "TypeScript", 0, 5, 0, 0, 0, 0, 0, 0, 0, 0, 0, 3, 8
"d:\Web\aladin-reb\src\features\error\components\error-tooltip.tsx", "TypeScript JSX", 0, 0, 0, 0, 0, 0, 0, 0, 15, 0, 0, 6, 21
"d:\Web\aladin-reb\src\features\error\utils\form-constraint-error.ts", "TypeScript", 0, 17, 0, 0, 0, 0, 0, 0, 0, 0, 0, 5, 22
"d:\Web\aladin-reb\src\features\images\components\single-image-drop.tsx", "TypeScript JSX", 0, 0, 0, 0, 0, 0, 0, 0, 44, 0, 0, 5, 49
"d:\Web\aladin-reb\src\features\landing\components\landing-carousel.tsx", "TypeScript JSX", 0, 0, 0, 0, 0, 0, 0, 0, 47, 0, 0, 7, 54
"d:\Web\aladin-reb\src\features\layout\components\header-responsive.tsx", "TypeScript JSX", 0, 0, 0, 0, 0, 0, 0, 0, 113, 0, 0, 18, 131
"d:\Web\aladin-reb\src\features\layout\components\logo.tsx", "TypeScript JSX", 0, 0, 0, 0, 0, 0, 0, 0, 25, 0, 0, 1, 26
"d:\Web\aladin-reb\src\features\layout\components\navbar-link-group.tsx", "TypeScript JSX", 0, 0, 0, 0, 0, 0, 0, 0, 135, 0, 1, 18, 154
"d:\Web\aladin-reb\src\features\layout\components\student-header.tsx", "TypeScript JSX", 0, 0, 0, 0, 0, 0, 0, 0, 120, 0, 0, 18, 138
"d:\Web\aladin-reb\src\features\layout\components\student-tab-bar.tsx", "TypeScript JSX", 0, 0, 0, 0, 0, 0, 0, 0, 23, 0, 0, 5, 28
"d:\Web\aladin-reb\src\features\layout\components\suspense.tsx", "TypeScript JSX", 0, 0, 0, 0, 0, 0, 0, 0, 4, 0, 0, 2, 6
"d:\Web\aladin-reb\src\features\layout\components\ta-header.tsx", "TypeScript JSX", 0, 0, 0, 0, 0, 0, 0, 0, 115, 0, 0, 18, 133
"d:\Web\aladin-reb\src\features\layout\components\ta-navbar.tsx", "TypeScript JSX", 0, 0, 0, 0, 0, 0, 0, 0, 85, 0, 6, 13, 104
"d:\Web\aladin-reb\src\features\layout\components\ta-tab-bar.tsx", "TypeScript JSX", 0, 0, 0, 0, 0, 0, 0, 0, 20, 0, 0, 4, 24
"d:\Web\aladin-reb\src\features\layout\components\user-button.tsx", "TypeScript JSX", 0, 0, 0, 0, 0, 0, 0, 0, 45, 0, 0, 9, 54
"d:\Web\aladin-reb\src\features\layout\dev.tsx", "TypeScript JSX", 0, 0, 0, 0, 0, 0, 0, 0, 10, 0, 0, 3, 13
"d:\Web\aladin-reb\src\features\layout\index.tsx", "TypeScript JSX", 0, 0, 0, 0, 0, 0, 0, 0, 5, 0, 0, 1, 6
"d:\Web\aladin-reb\src\features\layout\modal-route.tsx", "TypeScript JSX", 0, 0, 0, 0, 0, 0, 0, 0, 14, 0, 0, 5, 19
"d:\Web\aladin-reb\src\features\layout\public.tsx", "TypeScript JSX", 0, 0, 0, 0, 0, 0, 0, 0, 61, 0, 0, 5, 66
"d:\Web\aladin-reb\src\features\layout\role-switch-route.tsx", "TypeScript JSX", 0, 0, 0, 0, 0, 0, 0, 0, 16, 0, 0, 6, 22
"d:\Web\aladin-reb\src\features\layout\sadmin-layout.tsx", "TypeScript JSX", 0, 0, 0, 0, 0, 0, 0, 0, 39, 0, 0, 6, 45
"d:\Web\aladin-reb\src\features\layout\student.tsx", "TypeScript JSX", 0, 0, 0, 0, 0, 0, 0, 0, 23, 0, 0, 5, 28
"d:\Web\aladin-reb\src\features\layout\ta-register.tsx", "TypeScript JSX", 0, 0, 0, 0, 0, 0, 0, 0, 35, 0, 0, 3, 38
"d:\Web\aladin-reb\src\features\layout\ta.tsx", "TypeScript JSX", 0, 0, 0, 0, 0, 0, 0, 0, 36, 0, 5, 6, 47
"d:\Web\aladin-reb\src\features\major\services\use-create-major.tsx", "TypeScript JSX", 0, 0, 0, 0, 0, 0, 0, 0, 49, 0, 0, 13, 62
"d:\Web\aladin-reb\src\features\major\services\use-get-all-majors-of-institution.ts", "TypeScript", 0, 30, 0, 0, 0, 0, 0, 0, 0, 0, 0, 5, 35
"d:\Web\aladin-reb\src\features\major\services\use-get-major-by-id.ts", "TypeScript", 0, 8, 0, 0, 0, 0, 0, 0, 0, 0, 0, 4, 12
"d:\Web\aladin-reb\src\features\major\services\use-major.ts", "TypeScript", 0, 27, 0, 0, 0, 0, 0, 0, 0, 0, 0, 7, 34
"d:\Web\aladin-reb\src\features\major\services\use-update-major.tsx", "TypeScript JSX", 0, 0, 0, 0, 0, 0, 0, 0, 29, 0, 0, 10, 39
"d:\Web\aladin-reb\src\features\profile\components\avatar-modify.tsx", "TypeScript JSX", 0, 0, 0, 0, 0, 0, 0, 0, 29, 0, 0, 3, 32
"d:\Web\aladin-reb\src\features\profile\components\gender-select.tsx", "TypeScript JSX", 0, 0, 0, 0, 0, 0, 0, 0, 18, 0, 0, 3, 21
"d:\Web\aladin-reb\src\features\profile\components\university-select.tsx", "TypeScript JSX", 0, 0, 0, 0, 0, 0, 0, 0, 44, 0, 0, 3, 47
"d:\Web\aladin-reb\src\features\rating\components\rating-row.tsx", "TypeScript JSX", 0, 0, 0, 0, 0, 0, 0, 0, 34, 0, 0, 4, 38
"d:\Web\aladin-reb\src\features\rating\components\ta-rating-modal.tsx", "TypeScript JSX", 0, 0, 0, 0, 0, 0, 0, 0, 0, 0, 1, 1, 2
"d:\Web\aladin-reb\src\features\register\components\class-ta-group.tsx", "TypeScript JSX", 0, 0, 0, 0, 0, 0, 0, 0, 0, 0, 137, 6, 143
"d:\Web\aladin-reb\src\features\register\components\control-title.tsx", "TypeScript JSX", 0, 0, 0, 0, 0, 0, 0, 0, 7, 0, 0, 2, 9
"d:\Web\aladin-reb\src\features\register\components\course-step-1.tsx", "TypeScript JSX", 0, 0, 0, 0, 0, 0, 0, 0, 72, 0, 0, 6, 78
"d:\Web\aladin-reb\src\features\register\components\course-step-2.tsx", "TypeScript JSX", 0, 0, 0, 0, 0, 0, 0, 0, 153, 0, 0, 6, 159
"d:\Web\aladin-reb\src\features\register\components\course-step-3.tsx", "TypeScript JSX", 0, 0, 0, 0, 0, 0, 0, 0, 28, 0, 0, 3, 31
"d:\Web\aladin-reb\src\features\register\components\course-step-complete.tsx", "TypeScript JSX", 0, 0, 0, 0, 0, 0, 0, 0, 25, 0, 0, 3, 28
"d:\Web\aladin-reb\src\features\register\components\date-pick-table.tsx", "TypeScript JSX", 0, 0, 0, 0, 0, 0, 0, 0, 133, 0, 0, 2, 135
"d:\Web\aladin-reb\src\features\register\components\row.tsx", "TypeScript JSX", 0, 0, 0, 0, 0, 0, 0, 0, 18, 0, 0, 2, 20
"d:\Web\aladin-reb\src\features\register\components\ta-conditional.tsx", "TypeScript JSX", 0, 0, 0, 0, 0, 0, 0, 0, 10, 0, 0, 2, 12
"d:\Web\aladin-reb\src\features\register\components\ta-course-table.tsx", "TypeScript JSX", 0, 0, 0, 0, 0, 0, 0, 0, 53, 0, 0, 6, 59
"d:\Web\aladin-reb\src\features\register\components\ta-guide.tsx", "TypeScript JSX", 0, 0, 0, 0, 0, 0, 0, 0, 51, 0, 0, 2, 53
"d:\Web\aladin-reb\src\features\register\components\ta-step-1.tsx", "TypeScript JSX", 0, 0, 0, 0, 0, 0, 0, 0, 46, 0, 0, 2, 48
"d:\Web\aladin-reb\src\features\register\components\ta-step-2.tsx", "TypeScript JSX", 0, 0, 0, 0, 0, 0, 0, 0, 16, 0, 0, 3, 19
"d:\Web\aladin-reb\src\features\register\components\ta-step-3.tsx", "TypeScript JSX", 0, 0, 0, 0, 0, 0, 0, 0, 24, 0, 0, 3, 27
"d:\Web\aladin-reb\src\features\register\components\ta-step-complete.tsx", "TypeScript JSX", 0, 0, 0, 0, 0, 0, 0, 0, 18, 0, 0, 3, 21
"d:\Web\aladin-reb\src\features\register\components\ta-step-fail.tsx", "TypeScript JSX", 0, 0, 0, 0, 0, 0, 0, 0, 23, 0, 0, 3, 26
"d:\Web\aladin-reb\src\features\revise\components\revise-card.tsx", "TypeScript JSX", 0, 0, 0, 0, 0, 0, 0, 0, 29, 0, 0, 6, 35
"d:\Web\aladin-reb\src\features\schedule\components\list.tsx", "TypeScript JSX", 0, 0, 0, 0, 0, 0, 0, 0, 0, 0, 0, 1, 1
"d:\Web\aladin-reb\src\features\subject\components\hide-button.tsx", "TypeScript JSX", 0, 0, 0, 0, 0, 0, 0, 0, 31, 0, 0, 5, 36
"d:\Web\aladin-reb\src\features\subject\services\get-all-subject-of-major.ts", "TypeScript", 0, 30, 0, 0, 0, 0, 0, 0, 0, 0, 0, 5, 35
"d:\Web\aladin-reb\src\features\subject\services\use-create-subject.ts", "TypeScript", 0, 15, 0, 0, 0, 0, 0, 0, 0, 0, 0, 4, 19
"d:\Web\aladin-reb\src\features\subject\services\use-hide-subject.ts", "TypeScript", 0, 22, 0, 0, 0, 0, 0, 0, 0, 0, 0, 4, 26
"d:\Web\aladin-reb\src\features\subject\services\use-subject.ts", "TypeScript", 0, 41, 0, 0, 0, 0, 0, 0, 0, 0, 0, 7, 48
"d:\Web\aladin-reb\src\features\subject\services\use-update-subject.ts", "TypeScript", 0, 28, 0, 0, 0, 0, 0, 0, 0, 0, 0, 10, 38
"d:\Web\aladin-reb\src\features\university\components\image-view.tsx", "TypeScript JSX", 0, 0, 0, 0, 0, 0, 0, 0, 22, 0, 0, 9, 31
"d:\Web\aladin-reb\src\features\university\components\listing.tsx", "TypeScript JSX", 0, 0, 0, 0, 0, 0, 0, 0, 0, 0, 0, 1, 1
"d:\Web\aladin-reb\src\features\university\services\use-create-institution.tsx", "TypeScript JSX", 0, 0, 0, 0, 0, 0, 0, 0, 47, 0, 0, 11, 58
"d:\Web\aladin-reb\src\features\university\services\use-get-all-institution.ts", "TypeScript", 0, 21, 0, 0, 0, 0, 0, 0, 0, 0, 0, 5, 26
"d:\Web\aladin-reb\src\features\university\services\use-get-institution-by-id.ts", "TypeScript", 0, 11, 0, 0, 0, 0, 0, 0, 0, 0, 0, 4, 15
"d:\Web\aladin-reb\src\features\university\services\useGetInstitution.tsx", "TypeScript JSX", 0, 0, 0, 0, 0, 0, 0, 0, 24, 0, 0, 7, 31
"d:\Web\aladin-reb\src\hooks\use-async-effect.ts", "TypeScript", 0, 29, 0, 0, 0, 0, 0, 0, 0, 0, 1, 7, 37
"d:\Web\aladin-reb\src\hooks\use-breadcrumbs.ts", "TypeScript", 0, 18, 0, 0, 0, 0, 0, 0, 0, 0, 0, 8, 26
"d:\Web\aladin-reb\src\hooks\use-button.ts", "TypeScript", 0, 50, 0, 0, 0, 0, 0, 0, 0, 0, 1, 12, 63
"d:\Web\aladin-reb\src\hooks\use-component-default-props.ts", "TypeScript", 0, 29, 0, 0, 0, 0, 0, 0, 0, 0, 1, 7, 37
"d:\Web\aladin-reb\src\hooks\use-dom-ref.ts", "TypeScript", 0, 8, 0, 0, 0, 0, 0, 0, 0, 0, 0, 4, 12
"d:\Web\aladin-reb\src\hooks\use-editor-image.ts", "TypeScript", 0, 0, 0, 0, 0, 0, 0, 0, 0, 0, 14, 5, 19
"d:\Web\aladin-reb\src\hooks\use-image-drop.ts", "TypeScript", 0, 39, 0, 0, 0, 0, 0, 0, 0, 0, 0, 10, 49
"d:\Web\aladin-reb\src\hooks\use-load-image.ts", "TypeScript", 0, 12, 0, 0, 0, 0, 0, 0, 0, 0, 0, 4, 16
"d:\Web\aladin-reb\src\hooks\use-match-paths.ts", "TypeScript", 0, 9, 0, 0, 0, 0, 0, 0, 0, 0, 0, 2, 11
"d:\Web\aladin-reb\src\hooks\use-modal-route-transition.ts", "TypeScript", 0, 14, 0, 0, 0, 0, 0, 0, 0, 0, 0, 5, 19
"d:\Web\aladin-reb\src\hooks\use-query-pagination.tsx", "TypeScript JSX", 0, 0, 0, 0, 0, 0, 0, 0, 30, 0, 7, 13, 50
"d:\Web\aladin-reb\src\hooks\use-redirect.ts", "TypeScript", 0, 25, 0, 0, 0, 0, 0, 0, 0, 0, 0, 8, 33
"d:\Web\aladin-reb\src\hooks\use-step.ts", "TypeScript", 0, 24, 0, 0, 0, 0, 0, 0, 0, 0, 0, 8, 32
"d:\Web\aladin-reb\src\hooks\use-sync-query-params.ts", "TypeScript", 0, 18, 0, 0, 0, 0, 0, 0, 0, 0, 1, 6, 25
"d:\Web\aladin-reb\src\index.scss", "SCSS", 0, 0, 0, 0, 0, 0, 0, 0, 0, 9, 4, 5, 18
"d:\Web\aladin-reb\src\main.tsx", "TypeScript JSX", 0, 0, 0, 0, 0, 0, 0, 0, 3, 0, 1, 3, 7
"d:\Web\aladin-reb\src\mantine.d.ts", "TypeScript", 0, 7, 0, 0, 0, 0, 0, 0, 0, 0, 0, 3, 10
"d:\Web\aladin-reb\src\modules\auth-router\index.tsx", "TypeScript JSX", 0, 0, 0, 0, 0, 0, 0, 0, 124, 0, 0, 26, 150
"d:\Web\aladin-reb\src\modules\feature-flag-manager\index.tsx", "TypeScript JSX", 0, 0, 0, 0, 0, 0, 0, 0, 102, 0, 12, 22, 136
"d:\Web\aladin-reb\src\modules\mantine-ripple\components\ripple-action-icon.tsx", "TypeScript JSX", 0, 0, 0, 0, 0, 0, 0, 0, 25, 0, 0, 6, 31
"d:\Web\aladin-reb\src\modules\mantine-ripple\components\ripple-button.tsx", "TypeScript JSX", 0, 0, 0, 0, 0, 0, 0, 0, 21, 0, 0, 5, 26
"d:\Web\aladin-reb\src\modules\mantine-ripple\components\ripple.tsx", "TypeScript JSX", 0, 0, 0, 0, 0, 0, 0, 0, 57, 0, 0, 8, 65
"d:\Web\aladin-reb\src\modules\mantine-ripple\hooks\use-ripple.ts", "TypeScript", 0, 30, 0, 0, 0, 0, 0, 0, 0, 0, 0, 9, 39
"d:\Web\aladin-reb\src\modules\mantine-table\components\mantine-table\index.tsx", "TypeScript JSX", 0, 0, 0, 0, 0, 0, 0, 0, 62, 0, 0, 11, 73
"d:\Web\aladin-reb\src\modules\mantine-table\components\mantine-table\style.ts", "TypeScript", 0, 60, 0, 0, 0, 0, 0, 0, 0, 0, 0, 14, 74
"d:\Web\aladin-reb\src\modules\mantine-table\components\pagination\index.tsx", "TypeScript JSX", 0, 0, 0, 0, 0, 0, 0, 0, 8, 0, 0, 4, 12
"d:\Web\aladin-reb\src\modules\mantine-table\hooks\use-table.ts", "TypeScript", 0, 25, 0, 0, 0, 0, 0, 0, 0, 0, 0, 6, 31
"d:\Web\aladin-reb\src\modules\mantine-table\types\index.ts", "TypeScript", 0, 18, 0, 0, 0, 0, 0, 0, 0, 0, 10, 6, 34
"d:\Web\aladin-reb\src\modules\mantine-table\utils\render.tsx", "TypeScript JSX", 0, 0, 0, 0, 0, 0, 0, 0, 20, 0, 0, 7, 27
"d:\Web\aladin-reb\src\modules\modal-route\index.tsx", "TypeScript JSX", 0, 0, 0, 0, 0, 0, 0, 0, 13, 0, 0, 5, 18
"d:\Web\aladin-reb\src\modules\permisson-component\array.tsx", "TypeScript JSX", 0, 0, 0, 0, 0, 0, 0, 0, 43, 0, 7, 10, 60
"d:\Web\aladin-reb\src\modules\permisson-component\index.ts", "TypeScript", 0, 3, 0, 0, 0, 0, 0, 0, 0, 0, 9, 3, 15
"d:\Web\aladin-reb\src\modules\permisson-component\object.tsx", "TypeScript JSX", 0, 0, 0, 0, 0, 0, 0, 0, 40, 0, 0, 9, 49
"d:\Web\aladin-reb\src\modules\permisson-component\v2.tsx", "TypeScript JSX", 0, 0, 0, 0, 0, 0, 0, 0, 56, 0, 13, 13, 82
"d:\Web\aladin-reb\src\modules\quick-condition\index.tsx", "TypeScript JSX", 0, 0, 0, 0, 0, 0, 0, 0, 1, 0, 0, 1, 2
"d:\Web\aladin-reb\src\modules\quick-condition\quick-condition.tsx", "TypeScript JSX", 0, 0, 0, 0, 0, 0, 0, 0, 31, 0, 0, 7, 38
"d:\Web\aladin-reb\src\modules\sync-tailwind-color-scheme\index.tsx", "TypeScript JSX", 0, 0, 0, 0, 0, 0, 0, 0, 14, 0, 0, 3, 17
"d:\Web\aladin-reb\src\modules\tailwind-open-color\index.ts", "TypeScript", 0, 27, 0, 0, 0, 0, 0, 0, 0, 0, 0, 7, 34
"d:\Web\aladin-reb\src\modules\tiptap-custom-image\index.ts", "TypeScript", 0, 0, 0, 0, 0, 0, 0, 0, 0, 0, 107, 15, 122
"d:\Web\aladin-reb\src\modules\tiptap-custom-image\upload_image.ts", "TypeScript", 0, 0, 0, 0, 0, 0, 0, 0, 0, 0, 85, 17, 102
"d:\Web\aladin-reb\src\modules\with-router\index.tsx", "TypeScript JSX", 0, 0, 0, 0, 0, 0, 0, 0, 20, 0, 0, 5, 25
"d:\Web\aladin-reb\src\pages\assembled-class\[class-id]\register\ta.tsx", "TypeScript JSX", 0, 0, 0, 0, 0, 0, 0, 0, 144, 0, 0, 7, 151
"d:\Web\aladin-reb\src\pages\assembled-class\index.tsx", "TypeScript JSX", 0, 0, 0, 0, 0, 0, 0, 0, 0, 0, 0, 1, 1
"d:\Web\aladin-reb\src\pages\assembled-class\register\index.tsx", "TypeScript JSX", 0, 0, 0, 0, 0, 0, 0, 0, 168, 0, 20, 8, 196
"d:\Web\aladin-reb\src\pages\assembled-class\register\payment\index.tsx", "TypeScript JSX", 0, 0, 0, 0, 0, 0, 0, 0, 40, 0, 0, 4, 44
"d:\Web\aladin-reb\src\pages\assembled-class\ta.tsx", "TypeScript JSX", 0, 0, 0, 0, 0, 0, 0, 0, 25, 0, 0, 4, 29
"d:\Web\aladin-reb\src\pages\class\[class-id]\register\index.tsx", "TypeScript JSX", 0, 0, 0, 0, 0, 0, 0, 0, 2, 0, 0, 1, 3
"d:\Web\aladin-reb\src\pages\class\[class-id]\register\student.tsx", "TypeScript JSX", 0, 0, 0, 0, 0, 0, 0, 0, 40, 0, 0, 5, 45
"d:\Web\aladin-reb\src\pages\class\[class-id]\register\ta.tsx", "TypeScript JSX", 0, 0, 0, 0, 0, 0, 0, 0, 90, 0, 0, 6, 96
"d:\Web\aladin-reb\src\pages\class\ta.tsx", "TypeScript JSX", 0, 0, 0, 0, 0, 0, 0, 0, 21, 0, 0, 4, 25
"d:\Web\aladin-reb\src\pages\course\[course-id]\register\ta.tsx", "TypeScript JSX", 0, 0, 0, 0, 0, 0, 0, 0, 85, 0, 0, 6, 91
"d:\Web\aladin-reb\src\pages\course\approved\[page]\index.tsx", "TypeScript JSX", 0, 0, 0, 0, 0, 0, 0, 0, 19, 0, 28, 6, 53
"d:\Web\aladin-reb\src\pages\course\index.tsx", "TypeScript JSX", 0, 0, 0, 0, 0, 0, 0, 0, 17, 0, 0, 3, 20
"d:\Web\aladin-reb\src\pages\course\pending\[page]\index.tsx", "TypeScript JSX", 0, 0, 0, 0, 0, 0, 0, 0, 19, 0, 28, 6, 53
"d:\Web\aladin-reb\src\pages\error\components\error404\index.tsx", "TypeScript JSX", 0, 0, 0, 0, 0, 0, 0, 0, 25, 0, 0, 4, 29
"d:\Web\aladin-reb\src\pages\error\components\error404\styles.ts", "TypeScript", 0, 33, 0, 0, 0, 0, 0, 0, 0, 0, 0, 7, 40
"d:\Web\aladin-reb\src\pages\error\index.tsx", "TypeScript JSX", 0, 0, 0, 0, 0, 0, 0, 0, 1, 0, 0, 1, 2
"d:\Web\aladin-reb\src\pages\history\ta.tsx", "TypeScript JSX", 0, 0, 0, 0, 0, 0, 0, 0, 19, 0, 29, 6, 54
"d:\Web\aladin-reb\src\pages\home\index.tsx", "TypeScript JSX", 0, 0, 0, 0, 0, 0, 0, 0, 97, 0, 0, 7, 104
"d:\Web\aladin-reb\src\pages\image\[id]\index.tsx", "TypeScript JSX", 0, 0, 0, 0, 0, 0, 0, 0, 21, 0, 0, 4, 25
"d:\Web\aladin-reb\src\pages\index.ts", "TypeScript", 0, 41, 0, 0, 0, 0, 0, 0, 0, 0, 0, 2, 43
"d:\Web\aladin-reb\src\pages\lecture\[id]\rating\index.tsx", "TypeScript JSX", 0, 0, 0, 0, 0, 0, 0, 0, 73, 0, 0, 5, 78
"d:\Web\aladin-reb\src\pages\login\forget-password\index.tsx", "TypeScript JSX", 0, 0, 0, 0, 0, 0, 0, 0, 48, 0, 0, 4, 52
"d:\Web\aladin-reb\src\pages\login\index.tsx", "TypeScript JSX", 0, 0, 0, 0, 0, 0, 0, 0, 80, 0, 0, 4, 84
"d:\Web\aladin-reb\src\pages\login\recovery-otp\index.tsx", "TypeScript JSX", 0, 0, 0, 0, 0, 0, 0, 0, 41, 0, 0, 3, 44
"d:\Web\aladin-reb\src\pages\major\[major-id]\index.tsx", "TypeScript JSX", 0, 0, 0, 0, 0, 0, 0, 0, 157, 0, 0, 10, 167
"d:\Web\aladin-reb\src\pages\major\[major-id]\update\index.tsx", "TypeScript JSX", 0, 0, 0, 0, 0, 0, 0, 0, 50, 0, 0, 7, 57
"d:\Web\aladin-reb\src\pages\major\create\index.tsx", "TypeScript JSX", 0, 0, 0, 0, 0, 0, 0, 0, 41, 0, 0, 7, 48
"d:\Web\aladin-reb\src\pages\payment\history\index.tsx", "TypeScript JSX", 0, 0, 0, 0, 0, 0, 0, 0, 45, 0, 42, 7, 94
"d:\Web\aladin-reb\src\pages\private-class\[class-id]\register\ta.tsx", "TypeScript JSX", 0, 0, 0, 0, 0, 0, 0, 0, 90, 0, 0, 5, 95
"d:\Web\aladin-reb\src\pages\private-class\modify\student.tsx", "TypeScript JSX", 0, 0, 0, 0, 0, 0, 0, 0, 141, 0, 0, 7, 148
"d:\Web\aladin-reb\src\pages\private-class\modify\ta.tsx", "TypeScript JSX", 0, 0, 0, 0, 0, 0, 0, 0, 47, 0, 20, 6, 73
"d:\Web\aladin-reb\src\pages\private-class\register\index.tsx", "TypeScript JSX", 0, 0, 0, 0, 0, 0, 0, 0, 164, 0, 20, 8, 192
"d:\Web\aladin-reb\src\pages\private-class\register\payment\index.tsx", "TypeScript JSX", 0, 0, 0, 0, 0, 0, 0, 0, 40, 0, 0, 4, 44
"d:\Web\aladin-reb\src\pages\private-class\ta.tsx", "TypeScript JSX", 0, 0, 0, 0, 0, 0, 0, 0, 25, 0, 0, 4, 29
"d:\Web\aladin-reb\src\pages\profile\ta-profile.tsx", "TypeScript JSX", 0, 0, 0, 0, 0, 0, 0, 0, 72, 0, 0, 3, 75
"d:\Web\aladin-reb\src\pages\register.tsx", "TypeScript JSX", 0, 0, 0, 0, 0, 0, 0, 0, 58, 0, 0, 4, 62
"d:\Web\aladin-reb\src\pages\schedule\index.tsx", "TypeScript JSX", 0, 0, 0, 0, 0, 0, 0, 0, 104, 0, 0, 4, 108
"d:\Web\aladin-reb\src\pages\students\class\index.tsx", "TypeScript JSX", 0, 0, 0, 0, 0, 0, 0, 0, 56, 0, 0, 5, 61
"d:\Web\aladin-reb\src\pages\students\group\index.tsx", "TypeScript JSX", 0, 0, 0, 0, 0, 0, 0, 0, 45, 0, 0, 4, 49
"d:\Web\aladin-reb\src\pages\students\profile\index.tsx", "TypeScript JSX", 0, 0, 0, 0, 0, 0, 0, 0, 71, 0, 0, 3, 74
"d:\Web\aladin-reb\src\pages\students\revise\index.tsx", "TypeScript JSX", 0, 0, 0, 0, 0, 0, 0, 0, 37, 0, 0, 4, 41
"d:\Web\aladin-reb\src\pages\students\ta-register\index.tsx", "TypeScript JSX", 0, 0, 0, 0, 0, 0, 0, 0, 25, 0, 0, 4, 29
"d:\Web\aladin-reb\src\pages\students\ta-register\modify\index.tsx", "TypeScript JSX", 0, 0, 0, 0, 0, 0, 0, 0, 53, 0, 0, 3, 56
"d:\Web\aladin-reb\src\pages\subject\[subject-id]\update\index.tsx", "TypeScript JSX", 0, 0, 0, 0, 0, 0, 0, 0, 93, 0, 0, 9, 102
"d:\Web\aladin-reb\src\pages\subject\create\index.tsx", "TypeScript JSX", 0, 0, 0, 0, 0, 0, 0, 0, 113, 0, 0, 10, 123
"d:\Web\aladin-reb\src\pages\university\[institution-id]\index.tsx", "TypeScript JSX", 0, 0, 0, 0, 0, 0, 0, 0, 146, 0, 0, 10, 156
"d:\Web\aladin-reb\src\pages\university\create\index.tsx", "TypeScript JSX", 0, 0, 0, 0, 0, 0, 0, 0, 75, 0, 0, 9, 84
"d:\Web\aladin-reb\src\pages\university\create\layout.tsx", "TypeScript JSX", 0, 0, 0, 0, 0, 0, 0, 0, 21, 0, 0, 4, 25
"d:\Web\aladin-reb\src\pages\university\index.tsx", "TypeScript JSX", 0, 0, 0, 0, 0, 0, 0, 0, 113, 0, 0, 7, 120
"d:\Web\aladin-reb\src\router\index.ts", "TypeScript", 0, 1, 0, 0, 0, 0, 0, 0, 0, 0, 0, 1, 2
"d:\Web\aladin-reb\src\router\router.tsx", "TypeScript JSX", 0, 0, 0, 0, 0, 0, 0, 0, 206, 0, 0, 17, 223
"d:\Web\aladin-reb\src\router\routes\assembled-class.tsx", "TypeScript JSX", 0, 0, 0, 0, 0, 0, 0, 0, 64, 0, 0, 4, 68
"d:\Web\aladin-reb\src\router\routes\class.tsx", "TypeScript JSX", 0, 0, 0, 0, 0, 0, 0, 0, 47, 0, 0, 4, 51
"d:\Web\aladin-reb\src\router\routes\course.tsx", "TypeScript JSX", 0, 0, 0, 0, 0, 0, 0, 0, 47, 0, 0, 4, 51
"d:\Web\aladin-reb\src\router\routes\favorite.tsx", "TypeScript JSX", 0, 0, 0, 0, 0, 0, 0, 0, 16, 0, 0, 3, 19
"d:\Web\aladin-reb\src\router\routes\history.tsx", "TypeScript JSX", 0, 0, 0, 0, 0, 0, 0, 0, 18, 0, 0, 3, 21
"d:\Web\aladin-reb\src\router\routes\home.tsx", "TypeScript JSX", 0, 0, 0, 0, 0, 0, 0, 0, 8, 0, 0, 3, 11
"d:\Web\aladin-reb\src\router\routes\lecture.tsx", "TypeScript JSX", 0, 0, 0, 0, 0, 0, 0, 0, 66, 0, 0, 4, 70
"d:\Web\aladin-reb\src\router\routes\payment.tsx", "TypeScript JSX", 0, 0, 0, 0, 0, 0, 0, 0, 15, 0, 0, 3, 18
"d:\Web\aladin-reb\src\router\routes\private-class.tsx", "TypeScript JSX", 0, 0, 0, 0, 0, 0, 0, 0, 77, 0, 0, 4, 81
"d:\Web\aladin-reb\src\router\routes\profile.tsx", "TypeScript JSX", 0, 0, 0, 0, 0, 0, 0, 0, 31, 0, 0, 3, 34
"d:\Web\aladin-reb\src\router\routes\public.tsx", "TypeScript JSX", 0, 0, 0, 0, 0, 0, 0, 0, 42, 0, 0, 3, 45
"d:\Web\aladin-reb\src\router\routes\record.tsx", "TypeScript JSX", 0, 0, 0, 0, 0, 0, 0, 0, 16, 0, 0, 3, 19
"d:\Web\aladin-reb\src\router\routes\revise.tsx", "TypeScript JSX", 0, 0, 0, 0, 0, 0, 0, 0, 14, 0, 0, 2, 16
"d:\Web\aladin-reb\src\router\routes\schedule.ts", "TypeScript", 0, 15, 0, 0, 0, 0, 0, 0, 0, 0, 0, 3, 18
"d:\Web\aladin-reb\src\router\routes\university.tsx", "TypeScript JSX", 0, 0, 0, 0, 0, 0, 0, 0, 32, 0, 0, 3, 35
"d:\Web\aladin-reb\src\services\use-get-current-user.ts", "TypeScript", 0, 28, 0, 0, 0, 0, 0, 0, 0, 0, 0, 9, 37
"d:\Web\aladin-reb\src\services\use-post-login-user.ts", "TypeScript", 0, 27, 0, 0, 0, 0, 0, 0, 0, 0, 0, 11, 38
"d:\Web\aladin-reb\src\styles\font.scss", "SCSS", 0, 0, 0, 0, 0, 0, 0, 0, 0, 6, 0, 1, 7
"d:\Web\aladin-reb\src\styles\geist.scss", "SCSS", 0, 0, 0, 0, 0, 0, 0, 0, 0, 4, 0, 2, 6
"d:\Web\aladin-reb\src\styles\poppins.scss", "SCSS", 0, 0, 0, 0, 0, 0, 0, 0, 0, 4, 0, 2, 6
"d:\Web\aladin-reb\src\types\breakpoint.ts", "TypeScript", 0, 3, 0, 0, 0, 0, 0, 0, 0, 0, 0, 1, 4
"d:\Web\aladin-reb\src\types\constraint-error.ts", "TypeScript", 0, 10, 0, 0, 0, 0, 0, 0, 0, 0, 0, 3, 13
"d:\Web\aladin-reb\src\types\enums\class-type.ts", "TypeScript", 0, 4, 0, 0, 0, 0, 0, 0, 0, 0, 0, 1, 5
"d:\Web\aladin-reb\src\types\enums\role.ts", "TypeScript", 0, 7, 0, 0, 0, 0, 0, 0, 0, 0, 0, 1, 8
"d:\Web\aladin-reb\src\types\index.ts", "TypeScript", 0, 3, 0, 0, 0, 0, 0, 0, 0, 0, 0, 1, 4
"d:\Web\aladin-reb\src\types\mantine-styles.ts", "TypeScript", 0, 6, 0, 0, 0, 0, 0, 0, 0, 0, 0, 3, 9
"d:\Web\aladin-reb\src\types\models\index.tsx", "TypeScript JSX", 0, 0, 0, 0, 0, 0, 0, 0, 1, 0, 0, 1, 2
"d:\Web\aladin-reb\src\types\models\lecture.ts", "TypeScript", 0, 5, 0, 0, 0, 0, 0, 0, 0, 0, 0, 1, 6
"d:\Web\aladin-reb\src\types\non-undefined.ts", "TypeScript", 0, 1, 0, 0, 0, 0, 0, 0, 0, 0, 0, 1, 2
"d:\Web\aladin-reb\src\types\permisson.ts", "TypeScript", 0, 19, 0, 0, 0, 0, 0, 0, 0, 0, 0, 5, 24
"d:\Web\aladin-reb\src\types\react-router-dom.d.ts", "TypeScript", 0, 4, 0, 0, 0, 0, 0, 0, 0, 0, 0, 2, 6
"d:\Web\aladin-reb\src\types\response-error.ts", "TypeScript", 0, 7, 0, 0, 0, 0, 0, 0, 0, 0, 0, 2, 9
"d:\Web\aladin-reb\src\types\route.ts", "TypeScript", 0, 0, 0, 0, 0, 0, 0, 0, 0, 0, 21, 4, 25
"d:\Web\aladin-reb\src\utils\breakpoint-converter.ts", "TypeScript", 0, 23, 0, 0, 0, 0, 0, 0, 0, 0, 1, 3, 27
"d:\Web\aladin-reb\src\utils\convert-file-size.ts", "TypeScript", 0, 17, 0, 0, 0, 0, 0, 0, 0, 0, 0, 6, 23
"d:\Web\aladin-reb\src\utils\converter.ts", "TypeScript", 0, 31, 0, 0, 0, 0, 0, 0, 0, 0, 3, 5, 39
"d:\Web\aladin-reb\src\utils\crc32.ts", "TypeScript", 0, 24, 0, 0, 0, 0, 0, 0, 0, 0, 0, 6, 30
"d:\Web\aladin-reb\src\utils\create-popup.ts", "TypeScript", 0, 21, 0, 0, 0, 0, 0, 0, 0, 0, 0, 2, 23
"d:\Web\aladin-reb\src\utils\dev-log.ts", "TypeScript", 0, 21, 0, 0, 0, 0, 0, 0, 0, 0, 5, 5, 31
"d:\Web\aladin-reb\src\utils\empty-fn.ts", "TypeScript", 0, 2, 0, 0, 0, 0, 0, 0, 0, 0, 1, 1, 4
"d:\Web\aladin-reb\src\utils\entity-generator.ts", "TypeScript", 0, 50, 0, 0, 0, 0, 0, 0, 0, 0, 0, 11, 61
"d:\Web\aladin-reb\src\utils\flatten-routes.ts", "TypeScript", 0, 24, 0, 0, 0, 0, 0, 0, 0, 0, 0, 6, 30
"d:\Web\aladin-reb\src\utils\generate-avatar.ts", "TypeScript", 0, 13, 0, 0, 0, 0, 0, 0, 0, 0, 0, 3, 16
"d:\Web\aladin-reb\src\utils\generate-custom-select-list.ts", "TypeScript", 0, 25, 0, 0, 0, 0, 0, 0, 0, 0, 0, 2, 27
"d:\Web\aladin-reb\src\utils\generate-filled-array.ts", "TypeScript", 0, 7, 0, 0, 0, 0, 0, 0, 0, 0, 0, 1, 8
"d:\Web\aladin-reb\src\utils\generate-place-holder-image.ts", "TypeScript", 0, 10, 0, 0, 0, 0, 0, 0, 0, 0, 0, 3, 13
"d:\Web\aladin-reb\src\utils\generate-query-id.ts", "TypeScript", 0, 9, 0, 0, 0, 0, 0, 0, 0, 0, 0, 2, 11
"d:\Web\aladin-reb\src\utils\get-avatar-short-name.ts", "TypeScript", 0, 7, 0, 0, 0, 0, 0, 0, 0, 0, 0, 1, 8
"d:\Web\aladin-reb\src\utils\get-class-time.ts", "TypeScript", 0, 13, 0, 0, 0, 0, 0, 0, 0, 0, 0, 5, 18
"d:\Web\aladin-reb\src\utils\get-discount.ts", "TypeScript", 0, 6, 0, 0, 0, 0, 0, 0, 0, 0, 0, 2, 8
"d:\Web\aladin-reb\src\utils\get-in-range.ts", "TypeScript", 0, 3, 0, 0, 0, 0, 0, 0, 0, 0, 0, 1, 4
"d:\Web\aladin-reb\src\utils\get-mantine-color-from-string.ts", "TypeScript", 0, 10, 0, 0, 0, 0, 0, 0, 0, 0, 0, 4, 14
"d:\Web\aladin-reb\src\utils\get-nearest-time-left.ts", "TypeScript", 0, 8, 0, 0, 0, 0, 0, 0, 0, 0, 0, 2, 10
"d:\Web\aladin-reb\src\utils\get-nearest-time.ts", "TypeScript", 0, 8, 0, 0, 0, 0, 0, 0, 0, 0, 0, 2, 10
"d:\Web\aladin-reb\src\utils\get-path-deep.ts", "TypeScript", 0, 3, 0, 0, 0, 0, 0, 0, 0, 0, 0, 1, 4
"d:\Web\aladin-reb\src\utils\get-tiptap-extensions.ts", "TypeScript", 0, 0, 0, 0, 0, 0, 0, 0, 0, 0, 39, 6, 45
"d:\Web\aladin-reb\src\utils\handle-upload.ts", "TypeScript", 0, 0, 0, 0, 0, 0, 0, 0, 0, 0, 5, 3, 8
"d:\Web\aladin-reb\src\utils\indexing-item.ts", "TypeScript", 0, 7, 0, 0, 0, 0, 0, 0, 0, 0, 0, 1, 8
"d:\Web\aladin-reb\src\utils\is-instance-of.ts", "TypeScript", 0, 20, 0, 0, 0, 0, 0, 0, 0, 0, 1, 10, 31
"d:\Web\aladin-reb\src\utils\match-any-search.ts", "TypeScript", 0, 13, 0, 0, 0, 0, 0, 0, 0, 0, 1, 4, 18
"d:\Web\aladin-reb\src\utils\match-string.ts", "TypeScript", 0, 3, 0, 0, 0, 0, 0, 0, 0, 0, 0, 1, 4
"d:\Web\aladin-reb\src\utils\normalize-path.ts", "TypeScript", 0, 9, 0, 0, 0, 0, 0, 0, 0, 0, 0, 1, 10
"d:\Web\aladin-reb\src\utils\parse-dec.ts", "TypeScript", 0, 3, 0, 0, 0, 0, 0, 0, 0, 0, 0, 1, 4
"d:\Web\aladin-reb\src\utils\read-file-as-data-url.ts", "TypeScript", 0, 12, 0, 0, 0, 0, 0, 0, 0, 0, 0, 4, 16
"d:\Web\aladin-reb\src\utils\round-currency.ts", "TypeScript", 0, 13, 0, 0, 0, 0, 0, 0, 0, 0, 0, 3, 16
"d:\Web\aladin-reb\src\utils\shadow-merge-array-of-objects.ts", "TypeScript", 0, 13, 0, 0, 0, 0, 0, 0, 0, 0, 3, 4, 20
"d:\Web\aladin-reb\src\utils\sort-object-keys.ts", "TypeScript", 0, 17, 0, 0, 0, 0, 0, 0, 0, 0, 0, 4, 21
"d:\Web\aladin-reb\src\utils\validation.ts", "TypeScript", 0, 12, 0, 0, 0, 0, 0, 0, 0, 0, 0, 1, 13
"d:\Web\aladin-reb\src\utils\wait.ts", "TypeScript", 0, 3, 0, 0, 0, 0, 0, 0, 0, 0, 0, 1, 4
"d:\Web\aladin-reb\src\vite-env.d.ts", "TypeScript", 0, 7, 0, 0, 0, 0, 0, 0, 0, 0, 1, 3, 11
"d:\Web\aladin-reb\tailwind.config.ts", "TypeScript", 0, 17, 0, 0, 0, 0, 0, 0, 0, 0, 0, 6, 23
"d:\Web\aladin-reb\tsconfig.json", "JSON with Comments", 0, 0, 0, 20, 0, 0, 0, 0, 0, 0, 10, 0, 30
"d:\Web\aladin-reb\tsconfig.node.json", "JSON", 0, 0, 10, 0, 0, 0, 0, 0, 0, 0, 0, 1, 11
"d:\Web\aladin-reb\v1.json", "JSON", 0, 0, 1984, 0, 0, 0, 0, 0, 0, 0, 1075, 0, 3059
"d:\Web\aladin-reb\vercel.json", "JSON", 0, 0, 8, 0, 0, 0, 0, 0, 0, 0, 0, 0, 8
"d:\Web\aladin-reb\vite.config.ts", "TypeScript", 0, 27, 0, 0, 0, 0, 0, 0, 0, 0, 1, 2, 30
"Total", "-", 13, 2950, 2113, 46, 5, 6, 3, 30, 8293, 23, 3063, 1664, 18209